first_name,last_name,date_of_birth,email,phone,transcript,resume,user_id,internship_idGussie,Reihill,16/02/2023,greihill0@paginegialle.it,+63 (163) 654-9205,,,2,1Rikki,Querree,25/07/2022,rquerree1@cornell.edu,+63 (128) 831-3980,,,3,1Davy,Jaye,02/08/2022,djaye2@adobe.com,+30 (906) 948-0387,,,5,5Alicia,Ligoe,17/01/2023,aligoe3@chron.com,+62 (407) 941-7339,,,2,5Fabio,Berzons,29/11/2022,fberzons4@mapy.cz,+506 (807) 533-4648,,,2,5Culver,Hallatt,17/02/2023,challatt5@msn.com,+7 (998) 223-1074,,,1,4Madalyn,Dimeloe,25/02/2023,mdimeloe6@soundcloud.com,+30 (390) 598-0884,,,5,1Kyle,Leber,23/12/2022,kleber7@cdbaby.com,+51 (890) 706-1857,,,4,5Burl,Mannin,23/10/2022,bmannin8@howstuffworks.com,+86 (232) 742-1910,,,2,1Phillis,Iveans,26/09/2022,piveans9@odnoklassniki.ru,+62 (365) 177-1164,,,3,5Jarrad,Anneslie,17/04/2023,jannesliea@blogger.com,+375 (380) 613-4398,,,2,4Myrle,Smickle,20/11/2022,msmickleb@admin.ch,+7 (691) 282-7677,,,4,1Bambi,Jefferson,16/07/2022,bjeffersonc@taobao.com,+86 (158) 163-1676,,,5,1Hobey,Conquest,26/02/2023,hconquestd@vkontakte.ru,+33 (421) 358-4024,,,5,4Orbadiah,Christin,23/03/2023,ochristine@slashdot.org,+41 (265) 924-1775,,,1,5Olivier,Loseke,19/12/2022,olosekef@netlog.com,+62 (581) 528-9211,,,4,2Izak,Choak,15/09/2022,ichoakg@mozilla.org,+66 (810) 550-4521,,,1,3Celina,Castanone,22/05/2023,ccastanoneh@accuweather.com,+7 (719) 873-0807,,,1,2Leonid,Boorne,29/10/2022,lboornei@ifeng.com,+86 (310) 375-8538,,,5,5Lilian,Tansly,20/08/2022,ltanslyj@histats.com,+63 (402) 957-2983,,,1,1Camala,Brumbye,05/02/2023,cbrumbyek@gov.uk,+506 (864) 681-0412,,,1,2Berti,Tokley,07/11/2022,btokleyl@joomla.org,+86 (282) 461-8527,,,1,2Lib,Gonzalez,05/02/2023,lgonzalezm@mlb.com,+86 (816) 583-8521,,,5,4Gwyn,Chapple,27/02/2023,gchapplen@google.es,+351 (716) 438-3145,,,1,3Ilyssa,Kiff,16/07/2022,ikiffo@webs.com,+53 (634) 718-3107,,,1,1Aubry,Lipsett,04/01/2023,alipsettp@com.com,+51 (363) 984-9098,,,2,1Kinna,Bellison,26/06/2023,kbellisonq@github.com,+1 (920) 551-8646,,,1,2Cynde,Mantrip,15/02/2023,cmantripr@mail.ru,+62 (714) 177-1058,,,5,2Ninon,Hoff,16/01/2023,nhoffs@exblog.jp,+86 (374) 271-8715,,,2,1Rafaelia,Durbridge,05/11/2022,rdurbridget@wikia.com,+47 (751) 364-4730,,,2,3Ami,De Witt,18/07/2022,adewittu@sphinn.com,+62 (414) 508-1126,,,5,4Elinor,Trussman,20/03/2023,etrussmanv@redcross.org,+46 (645) 980-0740,,,4,3Welch,Shawl,24/04/2023,wshawlw@blinklist.com,+84 (858) 772-9445,,,1,4Kalila,Gashion,02/09/2022,kgashionx@newyorker.com,+86 (892) 681-1208,,,3,3Valaria,Danser,08/11/2022,vdansery@alibaba.com,+46 (447) 190-0591,,,5,4Kingston,Skoof,03/04/2023,kskoofz@telegraph.co.uk,+351 (811) 792-3009,,,3,1Arron,Gellan,20/04/2023,agellan10@etsy.com,+960 (701) 927-1972,,,3,5Wendell,Quainton,22/06/2023,wquainton11@cargocollective.com,+63 (178) 540-2272,,,2,2Christie,MacCleay,07/12/2022,cmaccleay12@spotify.com,+86 (261) 867-5630,,,4,5Augustin,Pirrey,27/07/2022,apirrey13@zdnet.com,+27 (629) 802-0403,,,3,4Arlan,Stidson,03/01/2023,astidson14@pinterest.com,+46 (886) 202-4557,,,5,2Harv,Yetton,02/05/2023,hyetton15@ustream.tv,+86 (374) 767-8715,,,4,1Maggee,Laxtonne,04/10/2022,mlaxtonne16@mapy.cz,+55 (977) 300-9743,,,4,3Leopold,Tierny,18/06/2023,ltierny17@vinaora.com,+62 (482) 517-6149,,,2,3Sheba,Thrush,05/10/2022,sthrush18@xinhuanet.com,+46 (666) 312-5265,,,5,1Paloma,Stephens,22/04/2023,pstephens19@timesonline.co.uk,+1 (423) 177-3535,,,3,1Sascha,Sergent,19/10/2022,ssergent1a@walmart.com,+86 (174) 548-6347,,,5,2Zane,Spada,24/10/2022,zspada1b@weibo.com,+351 (936) 470-1016,,,3,2Kacie,Bahls,12/11/2022,kbahls1c@yolasite.com,+86 (724) 606-7553,,,3,2Willetta,Ellinor,12/02/2023,wellinor1d@bizjournals.com,+33 (426) 523-2939,,,3,1Ulrike,Looney,07/12/2022,ulooney1e@multiply.com,+352 (794) 915-9474,,,2,4Jessie,Byneth,25/01/2023,jbyneth1f@ca.gov,+358 (631) 272-6734,,,1,4Stillmann,Pic,26/04/2023,spic1g@plala.or.jp,+86 (414) 215-2522,,,1,2Ashlie,Dismore,27/09/2022,adismore1h@xrea.com,+62 (253) 642-4063,,,2,1Kathie,Bichener,21/11/2022,kbichener1i@mediafire.com,+47 (789) 763-7891,,,3,3Gabie,O'Lunney,21/10/2022,golunney1j@youtu.be,+81 (434) 453-6892,,,5,4Emmaline,Brandts,04/06/2023,ebrandts1k@wsj.com,+33 (288) 941-7481,,,1,5Joane,Gethouse,07/08/2022,jgethouse1l@independent.co.uk,+33 (918) 170-1025,,,5,3Gav,Smitherham,16/04/2023,gsmitherham1m@tuttocitta.it,+380 (346) 832-2716,,,4,5Langston,Pembery,10/01/2023,lpembery1n@bluehost.com,+7 (353) 112-4422,,,2,5Theobald,Tooby,30/03/2023,ttooby1o@bravesites.com,+33 (275) 906-4585,,,4,5Frederick,Baudts,16/05/2023,fbaudts1p@booking.com,+33 (990) 185-9806,,,4,4Moyra,Scutcheon,08/02/2023,mscutcheon1q@sogou.com,+93 (453) 739-9592,,,3,3Alfreda,Christescu,02/10/2022,achristescu1r@privacy.gov.au,+7 (801) 705-5572,,,4,5Faulkner,Lindbergh,30/12/2022,flindbergh1s@cbsnews.com,+51 (579) 274-1441,,,1,2Renell,Scadding,14/10/2022,rscadding1t@networkadvertising.org,+86 (658) 272-4968,,,2,2Tyson,Jebb,11/04/2023,tjebb1u@cargocollective.com,+62 (715) 643-2125,,,4,2Maren,Shackell,17/10/2022,mshackell1v@jigsy.com,+63 (370) 163-0685,,,3,4Brook,Jansey,18/07/2022,bjansey1w@mail.ru,+51 (207) 244-1908,,,3,4Caryn,Toffetto,20/10/2022,ctoffetto1x@webs.com,+66 (893) 560-8104,,,2,5Benedikta,De Nisco,01/05/2023,bdenisco1y@addtoany.com,+86 (483) 962-3831,,,1,1Robbie,Turvie,26/11/2022,rturvie1z@wikia.com,+46 (676) 687-5824,,,3,4Krispin,Baunton,21/01/2023,kbaunton20@webs.com,+86 (677) 598-3006,,,3,2Cindelyn,Glanfield,25/08/2022,cglanfield21@w3.org,+62 (992) 235-4735,,,1,4Denis,Quaife,14/08/2022,dquaife22@sina.com.cn,+86 (818) 587-6389,,,2,2Emmie,McCusker,24/07/2022,emccusker23@clickbank.net,+351 (233) 577-7048,,,5,4Henryetta,Sheirlaw,01/11/2022,hsheirlaw24@statcounter.com,+504 (733) 345-1096,,,2,4Lemar,Halfacre,24/09/2022,lhalfacre25@opera.com,+255 (968) 500-5526,,,4,2Eda,Scardefield,14/09/2022,escardefield26@shareasale.com,+62 (916) 783-6998,,,1,1Moira,Bolver,13/08/2022,mbolver27@go.com,+267 (613) 159-9159,,,3,4Loralie,Charon,17/06/2023,lcharon28@odnoklassniki.ru,+504 (803) 544-5514,,,3,4Gilda,Gillson,12/12/2022,ggillson29@mlb.com,+880 (472) 722-0390,,,4,1Evvie,Turville,23/11/2022,eturville2a@mac.com,+86 (277) 820-1231,,,1,2Bret,Dawney,27/11/2022,bdawney2b@blogger.com,+351 (460) 862-1559,,,2,5Raine,Worgen,14/02/2023,rworgen2c@cdc.gov,+420 (365) 143-7513,,,1,4Betteann,Bwye,30/01/2023,bbwye2d@wisc.edu,+86 (594) 405-9418,,,1,1Decca,Chaperlin,02/05/2023,dchaperlin2e@netvibes.com,+86 (440) 510-0063,,,1,4Dania,Pavlasek,02/09/2022,dpavlasek2f@chicagotribune.com,+62 (890) 646-1346,,,1,3Erasmus,Faulds,01/01/2023,efaulds2g@msn.com,+254 (980) 149-0637,,,2,4Dosi,Rodinger,23/02/2023,drodinger2h@berkeley.edu,+7 (771) 824-9836,,,5,2Livvyy,Bernhardt,28/08/2022,lbernhardt2i@purevolume.com,+420 (879) 737-0608,,,2,1Carny,Parramore,06/02/2023,cparramore2j@clickbank.net,+62 (413) 256-7721,,,2,4Emery,Shrimpton,29/10/2022,eshrimpton2k@icio.us,+62 (918) 869-4908,,,5,5Paddy,Eagle,03/07/2022,peagle2l@cnn.com,+86 (449) 492-4603,,,5,1Christean,Butterley,30/01/2023,cbutterley2m@ucla.edu,+46 (546) 617-5652,,,3,1Simona,McAdam,10/07/2022,smcadam2n@jiathis.com,+51 (884) 670-1967,,,3,1Bald,Postill,19/11/2022,bpostill2o@blogtalkradio.com,+60 (771) 447-3969,,,5,4Melvyn,Estevez,14/01/2023,mestevez2p@economist.com,+92 (390) 109-3463,,,3,3Whitney,Goodley,24/05/2023,wgoodley2q@miibeian.gov.cn,+502 (626) 830-1957,,,1,4Corabelle,Stanett,18/09/2022,cstanett2r@fema.gov,+63 (589) 103-5580,,,1,1Lanni,Rowcastle,24/06/2023,lrowcastle2s@forbes.com,+62 (504) 225-6996,,,4,3Arty,Roake,29/01/2023,aroake2t@opera.com,+55 (120) 774-1972,,,3,3Cynthea,McNab,10/02/2023,cmcnab2u@psu.edu,+33 (634) 658-0382,,,5,2Robby,Dobbyn,02/03/2023,rdobbyn2v@comsenz.com,+62 (629) 797-1381,,,3,5Cristal,Knightsbridge,22/07/2022,cknightsbridge2w@nationalgeographic.com,+420 (140) 873-3551,,,3,1Hyacinth,Lamburne,16/01/2023,hlamburne2x@slate.com,+351 (892) 915-9781,,,1,5Warden,Ohrt,29/04/2023,wohrt2y@newyorker.com,+82 (103) 788-3304,,,1,3Sasha,Doggett,05/06/2023,sdoggett2z@4shared.com,+62 (772) 702-1440,,,5,2Talbert,Spraberry,18/08/2022,tspraberry30@reuters.com,+233 (206) 197-1500,,,4,2Edie,Manske,24/04/2023,emanske31@unblog.fr,+55 (274) 113-2605,,,2,1Nadeen,Obern,08/11/2022,nobern32@xing.com,+33 (419) 600-9116,,,5,5Saree,Foat,20/06/2023,sfoat33@google.co.uk,+98 (449) 501-7200,,,2,3Flori,Mealham,25/05/2023,fmealham34@craigslist.org,+58 (411) 861-9904,,,3,2Etti,Python,07/02/2023,epython35@illinois.edu,+62 (688) 175-3748,,,2,4Tanny,Uccello,22/01/2023,tuccello36@oakley.com,+52 (302) 896-1631,,,5,4Kirsteni,Masi,12/04/2023,kmasi37@blogtalkradio.com,+86 (452) 473-0019,,,4,4Gard,Kingswood,27/05/2023,gkingswood38@oaic.gov.au,+54 (772) 480-5123,,,3,4Alena,Dummer,14/02/2023,adummer39@sphinn.com,+86 (676) 710-1503,,,4,1Hilary,Asp,25/05/2023,hasp3a@about.me,+995 (869) 337-7090,,,5,1Farris,Borthram,24/11/2022,fborthram3b@e-recht24.de,+86 (525) 528-6827,,,2,3Lu,Braunds,04/12/2022,lbraunds3c@patch.com,+62 (447) 171-2241,,,1,5Beverley,Beiderbeck,24/04/2023,bbeiderbeck3d@techcrunch.com,+237 (468) 276-6363,,,5,1Noak,Holliar,03/12/2022,nholliar3e@blinklist.com,+502 (883) 726-8177,,,1,5Nalani,Tarplee,24/01/2023,ntarplee3f@dell.com,+86 (770) 166-4765,,,3,5Angeline,Linger,02/12/2022,alinger3g@eepurl.com,+48 (768) 713-4380,,,2,3Terrijo,Laroze,09/04/2023,tlaroze3h@ft.com,+86 (805) 245-0706,,,5,5Annette,Coggles,16/11/2022,acoggles3i@europa.eu,+62 (447) 563-3995,,,5,4Phedra,Jakobsson,13/12/2022,pjakobsson3j@pcworld.com,+63 (503) 277-2291,,,5,5Ange,Thurston,25/10/2022,athurston3k@soup.io,+86 (979) 397-4868,,,4,4Livvyy,McNally,07/08/2022,lmcnally3l@wsj.com,+33 (944) 889-0013,,,3,5Curr,Montacute,08/12/2022,cmontacute3m@gnu.org,+351 (188) 867-3697,,,1,4Todd,Rustedge,13/03/2023,trustedge3n@chronoengine.com,+49 (154) 532-5751,,,1,4Katusha,Kinnear,30/01/2023,kkinnear3o@com.com,+46 (606) 929-2790,,,4,3Doria,Cruise,10/04/2023,dcruise3p@google.it,+63 (991) 756-8340,,,2,1Brandon,Doncom,03/07/2022,bdoncom3q@jimdo.com,+62 (340) 350-2214,,,2,5Duffie,Mangeot,22/05/2023,dmangeot3r@dmoz.org,+81 (906) 419-7181,,,5,1Waverley,Ferrea,11/09/2022,wferrea3s@whitehouse.gov,+62 (997) 188-2249,,,4,2Lonnie,MacGill,04/02/2023,lmacgill3t@spiegel.de,+504 (449) 619-9480,,,2,4Winnie,Gilbeart,02/02/2023,wgilbeart3u@joomla.org,+504 (868) 169-8260,,,1,1Aaren,Elvidge,14/04/2023,aelvidge3v@pinterest.com,+48 (130) 616-8112,,,4,5Field,FitzGeorge,03/09/2022,ffitzgeorge3w@noaa.gov,+55 (335) 884-4839,,,5,5Eleni,Ivanonko,05/08/2022,eivanonko3x@un.org,+86 (518) 613-0802,,,3,4Tish,Bucham,09/08/2022,tbucham3y@merriam-webster.com,+420 (413) 229-0350,,,1,4Scotty,Etherson,03/08/2022,setherson3z@smh.com.au,+86 (277) 709-9110,,,5,2Marion,Longbottom,13/12/2022,mlongbottom40@nyu.edu,+54 (774) 810-7751,,,3,2Cherida,Navarre,12/11/2022,cnavarre41@dion.ne.jp,+86 (136) 243-6756,,,2,4Simona,Flaune,19/05/2023,sflaune42@storify.com,+86 (621) 318-1616,,,1,3Ava,Trevena,28/07/2022,atrevena43@sina.com.cn,+81 (752) 583-7984,,,5,5Weylin,Trayhorn,24/06/2023,wtrayhorn44@techcrunch.com,+62 (786) 585-5867,,,2,2Marice,Mullender,07/01/2023,mmullender45@dot.gov,+255 (257) 978-0451,,,1,3Jeane,Ambage,30/08/2022,jambage46@blogspot.com,+63 (807) 816-5848,,,3,2Costanza,Schnieder,01/02/2023,cschnieder47@nationalgeographic.com,+351 (789) 329-9019,,,5,2Myrle,Udell,20/02/2023,mudell48@virginia.edu,+7 (314) 489-1672,,,1,1Aristotle,Fransseni,02/03/2023,afransseni49@ox.ac.uk,+263 (296) 872-9561,,,3,2Saudra,Feldhorn,15/03/2023,sfeldhorn4a@constantcontact.com,+46 (602) 739-6113,,,2,5Lancelot,Berggren,17/07/2022,lberggren4b@bandcamp.com,+381 (323) 628-0963,,,2,2Gino,Arnaud,26/05/2023,garnaud4c@webs.com,+27 (877) 643-9992,,,2,1Judd,Spybey,23/06/2023,jspybey4d@yandex.ru,+970 (795) 214-6012,,,3,5Myron,Endricci,27/12/2022,mendricci4e@printfriendly.com,+370 (905) 497-7267,,,1,3Lucie,Oxenford,17/08/2022,loxenford4f@twitter.com,+31 (838) 983-1908,,,5,5Aime,Ellerey,13/08/2022,aellerey4g@ihg.com,+86 (788) 304-7883,,,3,2Heather,Chipp,03/08/2022,hchipp4h@latimes.com,+7 (277) 317-4641,,,2,3Morgen,Doughill,15/08/2022,mdoughill4i@webeden.co.uk,+86 (885) 719-3262,,,3,5Marne,Beagles,11/05/2023,mbeagles4j@businesswire.com,+970 (822) 512-6050,,,5,3Giffy,Francom,17/02/2023,gfrancom4k@mtv.com,+55 (972) 114-9091,,,4,5Hilary,Doreward,09/04/2023,hdoreward4l@google.fr,+1 (406) 889-7158,,,3,2Hortense,Childerhouse,11/01/2023,hchilderhouse4m@nydailynews.com,+48 (929) 335-3647,,,3,2Sarette,Comar,26/10/2022,scomar4n@angelfire.com,+387 (958) 988-3538,,,4,3Briggs,Popham,22/03/2023,bpopham4o@arizona.edu,+86 (368) 828-2287,,,5,5Horace,Bradd,09/05/2023,hbradd4p@usatoday.com,+52 (472) 722-9569,,,1,3Donalt,Bexley,13/04/2023,dbexley4q@geocities.jp,+57 (993) 489-3035,,,4,4Elysha,Ranklin,21/10/2022,eranklin4r@scientificamerican.com,+63 (446) 656-8109,,,1,5Barry,Kedward,03/06/2023,bkedward4s@behance.net,+86 (111) 845-8491,,,5,2Avril,Lohan,25/12/2022,alohan4t@mit.edu,+48 (702) 837-6704,,,3,4Neila,Leabeater,17/10/2022,nleabeater4u@de.vu,+48 (200) 173-9000,,,3,1Kingsley,Stringfellow,29/01/2023,kstringfellow4v@zdnet.com,+676 (131) 327-3117,,,4,2Ambros,Syphus,23/06/2023,asyphus4w@over-blog.com,+86 (140) 517-7688,,,5,4Rori,Simoncelli,01/11/2022,rsimoncelli4x@theglobeandmail.com,+86 (879) 114-6140,,,5,1Marris,Walduck,21/07/2022,mwalduck4y@wisc.edu,+86 (440) 582-9941,,,5,2Meaghan,Coryndon,26/04/2023,mcoryndon4z@msu.edu,+55 (653) 390-0339,,,4,3Mirabel,Varty,17/07/2022,mvarty50@simplemachines.org,+86 (970) 270-6489,,,3,4Hanny,Jacqueminet,03/05/2023,hjacqueminet51@springer.com,+7 (964) 463-5597,,,5,5Isaiah,Picken,03/05/2023,ipicken52@gov.uk,+34 (120) 287-1081,,,1,3Hedwig,Kirkhouse,08/02/2023,hkirkhouse53@youtube.com,+62 (802) 929-9333,,,2,5Titus,Ancliff,02/01/2023,tancliff54@wordpress.com,+51 (608) 570-6940,,,2,4Toinette,Lomasney,11/06/2023,tlomasney55@spiegel.de,+63 (247) 690-7567,,,2,5Krishna,Hedgeman,12/12/2022,khedgeman56@csmonitor.com,+994 (345) 972-4521,,,4,2Marianne,Sarten,24/07/2022,msarten57@techcrunch.com,+86 (279) 907-5354,,,3,5Demetrius,Pretti,04/11/2022,dpretti58@themeforest.net,+86 (401) 202-0124,,,5,1Jeddy,Tock,02/03/2023,jtock59@tamu.edu,+62 (361) 258-4815,,,4,3Ezekiel,Llewellyn,27/06/2023,ellewellyn5a@howstuffworks.com,+66 (337) 905-8462,,,3,4Quinlan,Toward,19/05/2023,qtoward5b@imdb.com,+886 (247) 652-7334,,,3,3Enid,Caser,02/02/2023,ecaser5c@pagesperso-orange.fr,+502 (458) 238-8437,,,1,4Tobias,Stiffkins,21/07/2022,tstiffkins5d@drupal.org,+52 (751) 108-6629,,,2,4Grady,Nicholl,17/04/2023,gnicholl5e@shop-pro.jp,+351 (626) 706-3295,,,3,4Janeta,De Simoni,02/01/2023,jdesimoni5f@ibm.com,+86 (572) 626-2711,,,1,4Free,Toffler,21/09/2022,ftoffler5g@europa.eu,+86 (729) 869-9266,,,2,1Olly,Dionisi,20/04/2023,odionisi5h@t.co,+86 (523) 224-5031,,,1,5
