first_name,last_name,date_of_birth,email,phone,transcript,resume,user_id,internship_id
Gussie,Reihill,2023-02-16,greihill0@paginegialle.it,+63 (163) 654-9205,,,1,1
Rikki,Querree,2023-02-17,rquerree1@cornell.edu,+63 (128) 831-3980,,,1,2
Davy,Jaye,2023-02-18,djaye2@adobe.com,+30 (906) 948-0387,,,1,3
Alicia,Ligoe,2023-02-19,aligoe3@chron.com,+62 (407) 941-7339,,,1,4
Fabio,Berzons,2023-02-20,fberzons4@mapy.cz,+506 (807) 533-4648,,,1,5
Culver,Hallatt,2023-02-21,challatt5@msn.com,+7 (998) 223-1074,,,2,1
Madalyn,Dimeloe,2023-02-22,mdimeloe6@soundcloud.com,+30 (390) 598-0884,,,2,2
Kyle,Leber,2023-02-23,kleber7@cdbaby.com,+51 (890) 706-1857,,,2,3
Burl,Mannin,2023-02-24,bmannin8@howstuffworks.com,+86 (232) 742-1910,,,2,4
Phillis,Iveans,2023-02-25,piveans9@odnoklassniki.ru,+62 (365) 177-1164,,,2,5
Jarrad,Anneslie,2023-02-26,jannesliea@blogger.com,+375 (380) 613-4398,,,3,1
Myrle,Smickle,2023-02-27,msmickleb@admin.ch,+7 (691) 282-7677,,,3,2
Bambi,Jefferson,2023-02-28,bjeffersonc@taobao.com,+86 (158) 163-1676,,,3,3
Hobey,Conquest,2023-03-01,hconquestd@vkontakte.ru,+33 (421) 358-4024,,,3,4
Orbadiah,Christin,2023-03-02,ochristine@slashdot.org,+41 (265) 924-1775,,,3,5
Olivier,Loseke,2023-03-03,olosekef@netlog.com,+62 (581) 528-9211,,,4,1
Izak,Choak,2023-03-04,ichoakg@mozilla.org,+66 (810) 550-4521,,,4,2
Celina,Castanone,2023-03-05,ccastanoneh@accuweather.com,+7 (719) 873-0807,,,4,3
Leonid,Boorne,2023-03-06,lboornei@ifeng.com,+86 (310) 375-8538,,,4,4
Lilian,Tansly,2023-03-07,ltanslyj@histats.com,+63 (402) 957-2983,,,4,5
Camala,Brumbye,2023-03-08,cbrumbyek@gov.uk,+506 (864) 681-0412,,,5,1
Berti,Tokley,2023-03-09,btokleyl@joomla.org,+86 (282) 461-8527,,,5,2
Lib,Gonzalez,2023-03-10,lgonzalezm@mlb.com,+86 (816) 583-8521,,,5,3
Gwyn,Chapple,2023-03-11,gchapplen@google.es,+351 (716) 438-3145,,,5,4
Ilyssa,Kiff,2023-03-12,ikiffo@webs.com,+53 (634) 718-3107,,,5,5